Comment,Liked
گوشی عالی ظاهر جلو که فوق العاده هست,1
ظاهر پشت رو شاید یک سری از دوستان نپسندند چون خیلی خوب نیست,0
سخت افزار خیلی قوی ای داره و نرم افزار های سنگین خیلی روان اجرا میشه,1
اگه با قیمتش مشکلی ندارین خیلی گوشی خوبیه و از بقیه خیلی بهتره,1
صفحه نمایش این گوشی یکی از انقلابی ترین نوع های موجود دربازار هست چیزی که تولید کننده های دیگه رو وا داشت که از آن تقلید کنند,1
استفاده از تمام فضای موجود برای صفحه نمایش بسیار عالیه و شکل و ظاهر و.. رو عالی میکنه,1
به دلیل نبود جا و فشرده بودن ایکون باتری فقط قرار گرفته و نمیشه درصد باتریو دید.,0
کیفیت صفحه نمایش عالیه و از هیت نوری مناسبی برخورداره .همه چیز واضح و عالی دیده میشه و کاملا راضی کننده است.,1
نور موبایل به نظرم غیرطبیعیه و مناسب نیست.,0
دوربین قسمت خوب ماجراس چیزی که اصلا ناامیدتون نمیکنه.,1
"دوربین در تمامی شرایط نوری عکس های با کیفیتی میگیره و راضی کنندس چه در سلفی چه 
در دوربین های عقب.",1
کیفیتش در حد گوشی های پرچمدار امسال سامسونگ نیست,0
در مورد تشخیص چهره باید عرض کنم که بسیار دقیق و سریع عمل میکنه و حتی در تاریکی مطلق چهره رو به خوبی شناسایی میکنه و اصلا خطا ندارد.,1
خوشدست و خوشگل است.,1
طراحی زیبا و بسیار شکیل و باکلاسی داره,1
از ایراداتی که میشه به طراحی این محصول گرفت این است که دوربین عقب این گوشی با بدنه هم سطح نیست و بیرون زدگی داره و همین باعث میشه که بر روی سطح های صاف و میز به خوبی قرار نگیره,0
کاملا آدم رو مجذوب خودش میکنه و کاملا راضی کنندس.,1
و یک نقطه که است حذف اثر انگشت در این گوشی است که اگر به زیر صفحه نمایش منتقل میشد بهتر بود تا اینکه کلا نباشه,0
باتری دهی ایفون ایکس به اندازه ای که ازش میخواستم نبود و انتظاراتمو براورده نکرد.,0
صفحه نمایش آمولد هست و ظرفیت بیشتری به نسبت به گوشی های سال های قبلش داره,1
با توجه به کم مصرف تر شدن سی پی یو راضی کننتده نبود,0
به جرات میشه گفت آی او اس یکی از پر باگ ترین هاست.من گوشیو که گرفتم بیلد نامبری که روش بود باگ داشت.باگ هایی ازار دهنده,0
خوشبختانه براش آپدیت جدید اومد و مشکلات زیادیو فیکس کرد و درستش کرد و مشکل حل شد,1
مشکل سازگار نبودن برنامه ها با این رزولویشن پابرجاس.,0
مثلا بعضی از بازی هایی که اپدیت نشدن یا نرم افزار ها هنوز خودشون رو با ایفون ایکس و رزولویشن اون سازگار نکردن,0
نرم افزار رو باز میکنی اندازه صفحه نمایش ایفون های معمولی نمایش میده و بزرگتر نیست و عملا صفحه نمایش بزرگت بی فایده میشه,0
محدودیت هایی نسبت به اندروید وجود داره که ممکنه ازار دهنده باشه براتون.,0
قیمت این محصول بسیار بالاست.,0
"اگر واقعا پولشو ندارید و پولتون براتون مهمه یک مدل پایینتر بخرید یا اندروید بخرید. واقعا بخوام بگم چیز خیلی ضروری
و مهمیو از دست نمیدید. صرفا بازکردن با چهره دلیل بر این نمیشه که با این اختلاف قیمت یک موبایل تهیه کنید.",0
جا داره که از تغیرات محسوس این گوشی نسبت به نسل های گذشته گوشی های ایفون بعد از به کار بردن سنسور تشخیص چهره به تغیر فاحش کیفیت صفحه نمایش و صدای فوق العاده استریوی این گوشی پرداخت,1
واقعا مصرف کننده رو مجذوب خودش میکنه,1
جا داره از سرعت بالا و کاملا روانو بدون باگ این گوشی صحبت کرد که بازم سر و گردنی از سایر رقباش بالاتره که دیگه نیازی به توضیح نیست,1
سنسور تشخیص چهره هم که واقعا کارو تمام کرد برای خاص بودن این گوشی به طوری که حتی در شب مثلا داخل خودرو یا قبل خواب که معمولا نور خیلی کمی وجود داره این سنسور به راحتی عملکرد خودشو انجام میده و گوشی باز میشه بدون زیاد کردن نور صفحه نمایش,1
مزایای امنیتی جالبی هم برای این گوشی وجود داره,1
این برای من واقعا خاص بود,1
در مورد دوربین و کیفیتش که خودتون بهتر از من میدونین فقط اینو بگم که دوستم که اتلیه داره و دوربینشو 6 تومن خریده بود مات کیفیت این گوشی شده بود در همین حد توضیح کافیه,1
سیستم عامل به خوبی با گوشی سازگاره هیچ مشکلی نداره,1
اگر دنبال یه گوشی با کیفیت با ساپورت بالای نرم افزاری میگردید گزینه کاملا مناسبیه.,1
من سه ماهه خریدم از همه چیزش راضی هستم.,1
این گوشی فوق العاده خوشدست و راحته ,1
همه چیزش خوبه,1
فیس آیدی دقیق و سریعتر از اثر انگشت دوربین فوق العاده ضد آب و محکم,1
کیفیت عکس واقعی رو باید بعد از چاپ دید که این گوشی سربلند بود.,1
ارزش قیمتی نداره,0
اگه پولشو دارین شک نکنین چون بهتر از این دیگه تو بازار نیست.,1
تنها نقطه ضعف آیفون ایکس که هیچ کس بهش اشاره نکرده، فلش احمقانه در حالت پرتره است که چشم رو قرمز یا سفید میکنه.,0
با اطمینان میتونم بگم آیفون علاوه بر اینکه هیچ مزیتی بر آندروید نداره کلی هم ازش عقب تره,0
شما نه تنها نمی تونید خیلی از کارارو با آیفون بکنید، بلکه یه سری از کارهایی رو که انجام میدین به سختی هرچه تمام تر نسبت به آندروید باید انجام بدین,0
باگ بسیار زیاد آیفون با این قیمت عجیبه,0
توی این 3 هفته گوشی دو بار هنگ کرده,0
بعضی وقت ها فیس آیدی جواب نمیده و وقتی هم که کار می کنه نسبت به اثر انگشت خیلی کنده,0
علاوه بر همه اینها نبود دگمه بک که گوشی های آندرویدی دارن باعث میشه کار کردن باهاش بسیار کندتر از آندروید باشه,0
باتریش بسیار بده و بسیار کند شارژ میشه با اینکه ظرفیت بالایی نداره,0
خلاصه اینکه واقعا نسبت به پولی که میدید نمی ارزه,0
حتما پیشنهاد میکنم عالیه,1
عیبش برای من حساس بودنش به ضربه بخاطر شیشه ای بودنشه,0
شارژدهی خوبی داره کیفیت دوربینش فوق العاده اس بخصوص دوربین سلفیش,1
این با اینکه به اخرین اپدیت هم ریستور کردم خیلی باگ داره,0
در عوض کار کردن باهش خوبه خوشدست هست دوربین عالیه فیس ایدیش واقعا خوب جواب میده و لذت خاصی داره.,1
به امید اینکه با اپدیت های بعدی باگ هاش رفع شه چون واقعا اعصاب خورد کنه,0
تعریف از کیفیت این گوشی مثل آب در هاون کوبیدنه,1
فقط میتونم بگم از وقتی این شکل از دوربین و ناچ صفحه نمایش بکار برده شد شرکت های دیگه دارن از این دیزاین پیروی ( تقلید) می کنن,1
با قیمت‌های فعلی بازار ایران خرید گوشی نو پیشنهاد نمی‌کنم.,0
بسیار عالی و با کیفیت بخصوص صفحه نمایش ساخت ساسمونگ,1
در یک کلام فوق العاده خوب است,1
شرکت ثابت کرده همیشه محصولی انقلابی رو عرضه میکنه.,1
در این همه چیز در بهترین حالت قرار داره.,1
آپتیمایزیشن و هماهنگی نرم افزار و سخت افزار باعث بهترین کارایی میشه.,1
بخاطر هماهنگی کامل سیستم عامل نرم افزار و سخت افزار، کارایی بسیار بالاتری رو شاهد خواهید بود.,1
میتونم بگم که کاملا راضی هستم از این محصول تا این جا,1
واقعا از همه نظر عالیه این گوشی,1
کیفیت بالا دوربین خیلی عالی,1
من که کاملا از این راضی هستم,1
نقطه ضعفش همون که بدون تبدیل یا ایرپاد نمیشه از گوشی و هندزفری استفاده کرد و البته قیمت فعلیش تو بازار ایران,0
این گوشی به نظرم بهترین گوشی هست که بشر تونسته تا به امروز اونو طراحی کنه و بسازه,1
اگه از ضعف باطری که بخاطر کیفیت بالای صفحه نمایش هست چشم پوشی کنیم در یک کلام بهترین هست.,1
شک نکنید نسبت به هزینه ای که میکنید قابلیت های کمتری رو در یافت می کنید,0
برخی امکاناتی که اپ به تازکی اضافه کرده ماننده فست شارژ و شارش وایرلس (شارژ بیسیم) قابلیت هایی نیست که اپل به تازگی به اون دست پیدا کرده فقط اینکه میادتوی هر ورژن یه قابلیت اضافه میکنه که گوشی بدون نو اوری نده چون شعار اپل نو آوری هست,0
شما برید توی سایت ها و قیمت های هر دو پرچم دارو به دلار ببینید و با توجه به تکنولوژی های به کار رفته که حداقل چند سال جلو تر از اپل فعلی است ولی قیمت نصف هست.,0
مارکت فوق العاده قوی که باعث میشه هر اپی داخل مارکت گنجانده نشه و تمام اپ ها با استاندارهای لازم دولوپ می شوند که باعث ایجاد برنامه ها و بازی های سنگین بدون لگ و سهولت در انجام کار شده,1
دوربین های استفاده شده در این گوشی به نسبت سامسونگ و سونی انتظار رو کمی پایین اورده.,1
صفحه نمایشگر هم که با استفاده از سامسونگ توانسته علاوه بر افزدون زیبایی به محصول قابلیت هایی را اضافه کنه,1
یکی از قدرتمند ترین تراشه های موجود را در اختیار دارد.,1
چیزای تکراری که یهو اپل معرفی کرده و کسایی که محدود به همون امکانات قبلی بودن حس نواوری بهشون دست داد,0
خیلی گرونه مگه پولتان و از سر راه آوردید واقعا ارزش خرید ندارد.,0
این گوشی امروز به دستم رسید، تا چند دقیقه مبحوت طراحی بی نظیرش شده بودم,1
رابط کاربری واقعا در سطح فیلم های فضایی پیشرفت کرده.,1
خریدش رو برای همه توصیه میکنم.,1
به نظر من اشتباه محضه وقتی میتونی با کمترین مبلغ بهترین همرده وشاید بالاتر از این برند رو خریداری کنی,0
برای منو شمایی که دوست داریم به راحتی و کمترین هزینه انواع اقسام اپلیگیشن و موزیک و فیلم .. رو توی گوشی داشته باشیم ایفون محدودیت داره,0
این گوشی از همه نظر عالیه، هیچ ایرادی نمیشه ازش گرفت,1
در اینکه گوشی خوبی هست شکی نیست.,1
قابلیت عکاسی پرتره به شکل زیبایی خودنمایی میکنه.,1
آیفون تا به حال در هیچ یک از محصولاتش قابلیت دو سیمکارته بودن رو نداشته.,0
سیستم عامل مخصوص اپل که در هماهنگی بسیار مناسبی با سخت افزار آن است.,1
این گوشی نظر هرکی رو میتونه به خودش جلب کنه,1
تغییرات جدید و جذاب که روش ایجاد شده به نظر من فوق العاده هست,1
از همه بیشتر به نظر من ظاهر جدید گوشی هست که خیلی به چشم میتونه بیاد,1
حاشیه ی سیاه بالای صفحه اش خیلی بد و زننده هست,0
اگر به بقیه ی گوشی ها نگاه کنین می بینین که نصف این قیمتو دارن و نیاز رو هم برطرف میکنن!,0
طراحی ظاهری و ژست های حرکتی منحصر به فرد داره,1
این گوشی فوق العادست و با وجود اینکه صفحه نمایش بزرگی داره اما وقتی دستتون میگیرید متوجه میشید که خیلی خوشدست هست,1
کیفیت ساخت بالایی داره و همه چیز این گوشی مهندسی شده است,1
عاشقشم در اولین فرصت که موجود بشه میخرم,1
واقعا بسیار گرون و بی ارزشه,0
هیچ نوآوری جدیدی نداره,0
تو شب دوربین جلوش اونقدر که باید عالی نیست و نور رو خوب تنظیم نمیکنه,0
رقیب نداره عالیه,1
هنگ کردن ، لگ و تاخیر من که تا حالا نداشتم,1
قابلیت انیموجی جالب و سرگرم کننده است,1
قابلیت های زیادی داره و امکانات زیادی هم داره,1
یه نقطه صعف بزرگی که ایفون من داره خالی شدن شارژ باتری بصورت محسوس تو حالت استندبای هست حتی وقتی باتری درحالت ذخیره انرژی هست,0
این گوشی خدایش نقات قوت زیاد و جالبی داره,1
باید بگم که حرف نداره یعنی اوج ساخت بشر بدون شک ده سال از تمام برندها جلوتره اپل,1
واقعا حتی نگاه کردن بهش لذت داره من هنوز ذهنم به این باور نرسیده که همچین چیزی ساختن واقعا معرکه هست,1
گوشی فوق العاده ای برای کارهای روزمره است,1
از لحاظ سخت افزاری و هماهنگی سیستم عامل با سخت افزار فوق العاده است,1
محدودیت های شرکت اپل بعد یک مدت خسته تون میکنه,1
گوشی خوبیه ولی به نظرم اصلا به قیمتش نمی ارزه,0
صفحه نمایشش بی نظیره و در وهله اول شما مجذوب نور و رنگ اون میشین,1
این گوشی به قیمتش نمی ارزه و اصلا طراحی خوبی نداره,0
این گوشی از لحاظ دوربین و صفحه نمایش و حافظه و نوآوری از برندهای سونی و سامسونگ هم در سطح پایین تری قرار دارد.,0
سخت افزار و نرم افزار ماله خودشه و نوآوری خاص خودش رو خلق میکنه,1
ابتکار جالبیه و کار باهاش خیلی راحت شده,1
کیفیت دوربین خیلی خوبه شارژش خیلی خوب میمونه,1
خیلی گوشی خوبیه حس خوبی به آدم میده و خوشدست هست,1
ظاهر خوب و جذابی داره و کیفیتش به مراتب بهتر از دیگر نسخه های ایفون هست,1
عملکرد سیستم تشخیص چهره در حد انتظار نبود و امنیت چندانی ندارد,0
عدم پشتیباتی از سیستم تشخیص اثر انگشت هم خلا امنیت رو تو این نسخه بیشتر کرده.,0
فریز شدن صفحه و لگ هایی عجیب و خنده دار داره,0
فوق العاده هست واقعا ارزش خرید داره,1
بالاترین تکنولوژی و کیفیتی که از یه گوشی موبایل میشه انتظار داشت داره,1
تجربه کار با فیس آیدی خیلی جذاب و لذت بخشه,1
دوربین با کیفیت ، بدنه ی زیبا و سیستم عامل روان آی او اس از جمله ویژگی های بارز این محصول هستن .,1
نسبت به قیمت ارزش خرید نداره,0
صفحه نمایش فوق العاده ای داره واقعا صدای بلند و باکیفیتی داره,1
این گوشی از همه نظر عالی هست,1
هیچ ایرادی نمی تونم پیدا کنم و واقعا بدون هیچ تعصبی نسبت به مارکش میگم عالیه,1
از لحاظ سخت افزاری فوق العاده هست و و سیستم عامل روان و پشتیبانی خوبی داره,1
ارزش خرید نسبت به قیمت بسیار پایین است,0
از خریدش خیلی راضی هستم و سایزش بسیار عالیه,1
به نظر من این قیمت نمی ارزه,0
دوربینی که این گوشی داره معرکه است,1
شیفته ی طراحیش شدم از دوربین کاملا راضی ام,1
گوشی بی نظیری هست پردازنده اش قوی ترین پردازنده موبایلی دنیا هست,1
این گوشی با این امکانات اصلا ارزش خرید نداره,0
آیفون از نظر کیفیت و کارایی بی نظیر هست و تقریبا غیرقابل قیاس با گوشی های دیگه,1
امنیت و حفاظت گوشی از اطلاعات بی نظیره و عکس ها هم شفاف و جالب هستن,1
از کیفیت ساخت و امنیت خوبی برخوردار است,1
گوشی بسیار خوشدست طراحی شده، و به راحتی میشه با یک دست باهاش کار کرد,1
خیلی سریع و بدون لگ برنامه ها رو باز میکنه,1
"نوردهی صفحه هم به نظر بنده بهتر و واقع گرایانه تر شده , اثر انگشت هم که از سری قبلی سریع تر شده",1
تجربه خاص و فوق العاده ای در استفاده از این گوشی کسب کردم,1
از هر لحاظ هم کار کردم باهاش خیلی خوب بود. و تمام چیزای که از یه گوشی انتظار دارید رو برآورده میکنه,1
این گوشی از بهترین امکانات و تکنولوژی روز بهره میبره و بسیار هم خوشدست و زیبا هستش,1
ظاهر خیلی شیک و فوق العاده ای داره هم دوربین از همه گوشی ها بهتر نمره گرفته,1
هم سخت افزار فوق العاده قوی داره هم صفحه نمایش عالیه.,1
اصلا نوآوری خاصی نداره,0
درکل نسبت به قیمتش ارزش خرید نداره ظرفیت باتری که خیلی پایینه,0
یک تلفن همراه فوق العاده است ، در خریدش تردید به دل راه ندید ، اکوسیستم اپل بی نظیر هست,1
این گوشی واقعا عالیه در خرید این گوشی شک نکنید واقعا ارزش داره,1
متاسفانه موجب جلب نظر بنده نشد و با انبوهی از کاستی مواجه شدم ,0
طراحی ظاهر واقعا فوق العاده هست با قاب شیشه پشتش خیلی شیک به نظر میرسه,1
از لحاظ سخت افزاری هم بسیار قوی و جلوی هیچ بازی و نرم افزار کم نمیاره,1
از هر نظر گوشی فوق العاده ای هستش,1
این گوشی چیپست فوق العاده قدرتمندتر و سریعتری نسبت به بقیه داره,1
سرعت و راحتی فوق العاده ای در ایفون هست و احساس خوبی به ادم موقع کار کردن دست میده,1
گوشی اصلا هنگ نمیکنه یا کند نمیشه,1
نیازی به تعریف نداره حرفی توش نیست واقعا عالیه,1
تصویربرداری پرتره عالی و منحصر بفردی داره.,1
قاب شیشه ای پشت و ظاهر بسیار گیرا و جذابه.,1
به لحاظ سیستمی کارکرد عالی داره برنامه ها خوب مدیریت میشن، رم جوابگوی همه کاری هست,1
نرم افزار به شدت با سخت افزار یکپارچه سازی شده و دقیقا هر دو باهم هماهنگ هستن و این حد اعلی کیفیت رو به وجود میاره,1
امکان افزایش حافظه وجود نداره,0
سرعت پردازنده ی جدید ایفون فوق العاده است از همه نظر عالیه,1
کیفیت ساخت هم عالیه دوربین در نور مناسب عکس های بی نظیری میگیره,1
ظرفیت باتری کمتر شده حافظه هم کم هست,0
واقعا راضی هستم خریدش رو پیشنهاد میکنم,1
از نظر کیفیتی فوق العاده است واقعا بهترین گوشی ای هستش که یه نفر میتونه داشته باشه,1
این هم کاملا استاندارد و خوب بود . نه کم و کسری و نه اقلام جانبی تقلبی .,1
واقعا گوشی روون و خوشدست هست,1
یکی از شک های من برای خرید این گوشی میزان مصرف باتریش بود که ناامید کننده هست,0
صفحه نمایش گوشی خیلی خوبه و رنگ ها رو شفاف و طبیعی نشون میده,1
دوربین این گوشی عالیه در حد دوربین های حرفه ای,1
در مورد کیفیت ساخت هم چون از شیشه استفاده شده حس خوبی بهت دست میده ، سایز و اندازه صفحه هم به نظرم خوبه,1
با توجه به سایز گوشی اگه دست کوچیکی دارید نمیتونید تک دست باهاش کار کنید,0
خریدش رو بهتون پیشنهاد میکنم چون پشیمون نخواهید شد,1
از لحظه لحظه کار کردن با این گوشی جذاب و فوق العاده لذت خواهید برد.,1
گوشی نسبتاً خوبیه ، اگر پولش رو دارید بخرید .,1
در مجموع گوشی ای که همه چیزش تو ایران تحریم هست و این قیمت بالا رو داره فکر نمی کنم ارزش خرید داشته باشه,0
بنده این گوشی رو خرید کردم. و واقعا راضی هستم خریدش رو پیشنهاد میکنم,1
گوشی از نظر سخت افزار و نرم افزار در کلاس بالایی هست,1
بدون پیشرفت نسبت به نسخه قبلی هم از نظر طراحی و هم سخت افزاری باعث میشه وقتی دستتون میگیرید هیچ حس تازه ای نداشته باشید,0
واقعا گوشی خوبی هست ارزش خرید داره مثل همیشه و مثل هر سال گوشی خاص و تکی زد اپل,1
تو ایران کارایی نداره و محدودیت های زیادی داره.,0
بعد از چندین سال باز ساپورت میشه و همواره سریع و بدون هنگ عمل میکنه,1
باتری غیرقابل تعویض عدم دسترسی به بلوتوث عدم پشتیبانی نرم افزاری,0
نوآوری و ایده جدیدی نداره,0
بدون هیچ گونه تعصبی میگم واقعا گوشی فوق العاده ای هست.,1
در مورد دوربین هم بگم فوق العادست. در عکس های سلفی تمام جزییات صورتتون رو میتونید به وضوح مشاهده کنید.,1
با توجه به قیمتش اصلا نمی ارزه و فقط دارین پولتون رو دور میریزین,0
واقعا اپل در زمینه طراحی گوشی از رقبا داره عقب می‌افته,0
نرم افزار های ایرانی رو هم که تحریم کردند، کاربر ایرانی دیگه چرا باید برای این گوشی هزینه کنه,0
ای کاش قیمتش یکم منطقی تر بود خیلی گرون هست,0
بعد از دو ماه استفاده میتونم بگم واقعا عالیه,1
اپل تو صفحه نمایش از تکنولوژی جدید استفاده کرده صفحه نمایش های بسیار باکیفیتی دارن,1
محدودیت، سختی استفاده و گران بودن بدون دلیل,0
کیفیت ساخت گوشی بسیار بالا هست و وزن بالای گوشی حس پریمیوم بودن رو به شما منتقل میکنه,1
با توجه به تغییرات اندک بنظرم گزینه های بهتری هم وجود داره با قیمت مناسب تر.,0
سرعت امنیت کیفیت همه چی رو در خودش جا داده و تا الان بی نظیر بوده و هست,1
واقعا گوشی لوکس و شیکیه و هیچ وقت قدیمی نمیشه,1
گوشی باکیفیت و خوش ساختی هست,1
با سرعت عالی و دوربین با کیفیت,1
کسی که این گوشی رو میخره تا سالها میتونه از کارکرد سریعش مطمئن باشه,1
متاسفانه روشن نمیشه! میخوام مرجوعش کنم؛ کلی هیجان داشتم ولی همش بیفایده بود,0
باتری ضعیف نسبت به بقیه پرچم دارا,0
باید بگم واقعا عالیه و ارزش خرید داره,1
نوآوری چشمگیری نداشته است و ارزش خرید ندارد,0
یک سری تغییرات در دوربین و ایجاد سنسور لیزری و پردازنده مخصوص برای دوربین یک تحول شگرف صورت گرفته که باعث میشه یک گوشی و دوربین حرفه ای قدرتمند در دستتان داشته باشید,1
نوآوری های این نسخه از آیفون کم است و از لحاظ ظاهری واقعا پیشرفت کمی داشته,0
صرفا جهت پول به جیب زدن ساخته شده و حرفی برای گفتن نداره,0
بعد از یه مدت افت میکنه و هنگ میکنه,0
قیمتش واقعا نجومیه و ارزش ندارد,0
کیفیت تاچ، دوربین و سخت افزار بی نظیره,1
این گوشی واقعا یک غول همه فن حریفه,1
دیگه مثل قدیم پیشرفتش چشمگیر نیست,0
افت سرعت داره و هنگ میکنه,0
وقتی گوشیت تو کارکرد روزمره لنگت بزاره هیچ رقمه ارزش خرید نداره,0
یه گوشی خاص و مدرن که هیچوقت قدیمی نمیشه,1
دوستانی که دنبال دوربین گوشی هستن این گوشی واسه عکس برداری بی نقص هست,1
دوستانی که اهل بازی هستن این گوشی هم از لحاظ پردازش هم از لحاظ کیفیت تصویر چیزی کم نداره,1
خریدم و بسیار راضی هستم ، فوق العاده راحت و بی دردسر هست.,1
فوق العاده ، شیک و قابل اعتماد,1
گوشی خوبیه ، من دارم واقعا راضیم ، روزی چندبار ازدستم‌ میفته هیچیش نشده ، نسبت به قیمتش می ارزه,1
با این قیمت اصلا مناسب نیست بیش از حد گران,0
از تراشه بسیار قدرتمند سود میبره,1
ارائه این گوشی با طراحی چند سال قبل این گوشی اصلا ارزش خرید نداره,0
امروز به دستم رسید. بسیار عالیه کیفیت دوربین. ,1
چه به لحاظ سخت افزاری و نرم افزاری و چه به لحاظ شکیل بودن و قابلیت ها بی نظیره,1
از لحاظ سیستم عامل فوق العاده است و اصلا هنگ نداره ضمنا بازی های سنگین رو بدون داغ شدن اجرا میکنه,1
تکراری بودن ظاهر نداشتن تکنولوژی فول ویژن,0
نقطه ضعف بیرون زدگی دوربین از بدنه گوشی هست که درصورت نداشتن قاب درست اسیب میبینه,0
رزولوشن پایین صفحه امکان اتصال رم وجود نداره,0
کاهش حجم باطری نسبت به نسخه قبل با وجود اینکه برابر با نسخه قبل عمل میکند,0
سرعت بی حد و مرز این گوشی که با باز کردن برنامه همچنان بدون کاهش سرعت کار میکرد,1
طراحی زیبا با استفاده از فلز و شیشه,1
نقطه قوت کیفیت بالای دوربین عکاسی هست که واقعا عالی هست حالت پرتره در دوربین که عالیه,1
نقطه قوت اجرای تمامی بازی های سنگین در نهایت سرعت داغ نکردن گوشی در مدت طولانی حتی با استفاده سنگین,1
ظاهر تکراری بد و خسته کننده ای داره زشت هست,0
از نظر زیبایی، چه دیوایس و چه سیستم عامل، اپل همیشه پیشتاز بوده و هست.,1
پرندازه با نرم افزار گوشی کاملا تطبیق شده است و هماهنگی بسیار خوبی دارد,1
ظرفیت باطری این گوشی نسبت به نسل قبل کمی کمتر است بازدهی ندارد,0
این گوشی بالاخره از شارژ بیسیم و سریع پشتیبانی میکند ولی شارژهای این کار را باید جداگانه تهیه کرد که به نظر من به صرفه است.,1
هیچ گونه کندی در برنامه ها و تست هایی که از او گرفته شده است وجود نداشته بسیار قویتر از نسل قبل است,1
با توجه به تحریم ها و عدم سازگاری بسیاری از قابلیتها با سیستمهای ایران پول الکی خرج کردن,0
شما میتونید با ایفون ساعتها کار کنید بدون هیچ افت سرعت یا هنگ کردن، که این قضیه تو سایر گوشی ها وجود نداره. چون برای ایفون هنگ کردن معنی نداره.,1
از همه نظر عالیه. حتما بخرید شک نکنید,1
صدای اسپیکر ها عالی هستن. بلندی مناسب با کیفیت عالی.,1
حذف جک هدفون بعضی وقتا اذیت میکنه.,0
دوربین سلفی و اصلی گوشی هم خیلی خوبه مخصوصا روی حالت پرتره.,1
شارژدهی عالی است. باتری این گوشی واقعا حرف نداره.,1
کیفیت ساخت و صفحه نمایش مثل همیشه عالیه و چیزی کم نداره,1
از بس هنگ کرد اعصابم رو بهم ریخت,0
حاشیه آنقدر دارن که طراحی قدیمی حساب میشن و نوآوری تو طراحی ندارن,0
قیمتش که این قدر رفته بالا که قدرت خرید رو از آدم میگیره تعصب روی برند خاصی نداشته باشید آدم باید ببینه چی براش خوبه و تمام شرایط رو در نظر بگیره و نه فقط روی یک برند خاص متمرکز شه,0
اصلا خوب نیست با این قیمت به درد نمیخوره,0
شک نکنید بهترین گوشیه جهانه بهترین رابط کاربری با امنیت بالا,1
به راحتی همه چیز رو اجرا میکنه با نور صفحه زیاد ساپورت میکنه,1
این گوشی فوق العاده است بسیار عالیه,1
ظاهری زیبا و شکیل خوشدست ترین گوشی نسبت به رقبا,1
بسیار خوشدست و عالی دوربینش فوق العاده هست,1
باتریشم من راضیم اگر میخواید یه گوشی فوق العاده رو تجربه کنید حتما بخریدش شک نکنید,1
این گوشی واقعا عالیه و اصلا نیاز به تعریف و تمجید نداره,1
حافظه کمی دارد و مقدار آن مناسب و کافی نیست و محدود است.,0
تکامل یافته دو نسل قبل از نظر ظاهر شارژدهی قابل قبول,1
کیفیت به درد نمیخوره و اگه باهاش اسلوموشن درست کنین اون قدر ها هم جالب نمیشه,0
ولی قطعات دیگرش تعریفی نداره و در دراز مدت متوجه کیفیت پایینش میشین,0
سخت افزار با نرم افزار بالاترین سطح هماهنگی و همکاری رو داره و این به منزله راندمان بالای یک سیستم هست,1
با چه توجیهی باید این همه پول برای این دستگاه خرج کنیم گرونه و به صرفه نیست,0
خصومت علنی با ایرانی ها و حذف اپلیکیشن های ایرانی از اپ استور محدودیت های فراوان,0
حافظه جانبی پشتیبانی نمیکنه و حافظه اصلی کم هست. نوآوری ندارد.,0
این گوشی رو خریداری نکنید تا آپدیت های جدید بیاد و باگ های نرم افزاری برطرف بشه .,0
طبیعی تر بودن رنگ سفید در صفحه نمایش نسبت به دیگر گوشی ها نظیر سامسونگ نقطه قوت آن است.,1
سرعت بالا و سیستم عامل قدرتمند افکتیو شدن دوربین ها اپتیکال بودن لنز ها بهبود کیفیت صدای استریو,1
وزن این گوشی بالا است باطری ضعیفه,0
خدایی کار کردن روزمره با اپل خیلی سخته داره کیفیت ساخت بسیار بالا و طراحی فوق العاده ای داره اما آنقدر ظاهر بین نباشیم ,0
واقعا دور از انصافه که شرکت اپل بخواد به خاطر چند تا قابلیت توی گوشی هاش گذاشته یا به خاطر ظاهرش اینقدر قیمت گوشی هاش رو بالا ببره,0
دوربین بسیار خوب عکس های با پیکسل های بالا و تصاویر با رنگ های طبیعی است.,1
پردازنده واقعا سرعت گوشی رو بالا برده و حافظه بیشتر هم شده,1
جنس بدنه از شیشه مقاوم است در مقابل نفوذ گرد و غبار و آب جلوگیری می کند نه اینکه درون استخر از آن استفاده کنیم اگر ناگهانی درون آب افتاد اتفاقی نمی افتد .,1
به ظاهر گوشی خوبیه ولی اینکه رادیو نداره اصلا نخرید,0
فقط کلاس داره همین با قیمت بالا,0
زیبا بودن شیشه ای بودن و براق بودن گوشی دو دوربینی بودن توانایی بالای گوشی نقاط قوت هستند,1
ضعیف بودن باتری ایرادی هست که داره و ایراد بزرگی محسوب میشه,0
محدودیت داره چرا باید خودمون رو زجر بدیم تا کار کنیم باهاش که زمانگیر باشه,0
لنز دوربین صدا میده میتونید این صدارو با ضربه به کنار دروبین بشنوید شاید تو محیط شلوغ به چشم نیاد ولی اگه ساکت باشه محیط خیلی تو ذوق میزنه,0
فلاش دوربین تو سرما نمیزد خیلی افت کیفیت داشته به شدت دیگه اصلا فقط کلاسه,0
قدرت بالای پردازشگر دوربین جلو و عقب عالی طراحی بسیار زیبا,1
این گوشی در برابر آب مقاوم نیست هیچ مقاومتی در برابر آب نداره,0
واقعا آشغاله بدردنخور ترین گوشی دنیا . فقط اسم داره,0
به نظر من هیچ طراحی بلد نیست و از بقیه در حد فاصله پیکان تا بنز عقبه سوخته دیگه تو بازار طرفدار نداره,0
کالای لوکس گران قیمت، اپل بیشتر نون اسم خودش رو میخوره تا نوآوری،رفقای تو ایران که بخاطر پز دادن میخرن وگرنه محدودیت استفاده ازش زیاده.,0
امنیت فوق العاده ضعیفه به طوری که سنسور تشخیص چهره با عکس دیجیتالی باز میشه,0
از نظر سخت افزار و نرم افزار ضعیفه و عقب مونده و حرفی برای گفتن نداره,0
طراحی بدنه فوق‌العاده و چشم نواز است,1
بهترین و بروز ترین اپ ها متعلق به آی او اس است سیستم عامل ساده و راحت,1
پردازنده بی‌نظیر و قدرت‌مند شارژدهی عالی از نقاط قوت این محصول هستند,1
هنگ داغی نسبی در زمان شارژ سختی کار با آیتونز,0
کاربری بسیار ساده و راحتی داره که از استفاده کردن از اون به شدت لذت می برید,1
شارژدهی واقعا عالی و بی نظیری داره.,1
در اوایل استفاده کمی تا بهش عادت کنید اذیت میشید,0
بدنه بسیار محکم و مقاومی داره و ضد ضربه است.,1
هنگ ها بسیار کم بود و اکثرا مربوط به برنامه نویسی ضیعف بعضی اپ ها می باشد خصوصا ایرانی ها که برنامه‌ های سیستمی اپل به طور مداوم همان هنگ های تک توک را هم توسط اپدیت های منظم برطرف می‌کند، برنامه ‌های دیگر هم نیز به طور نسبی توجه ویژه ای برای برطرف کردن عیب هایشان به می‌کنند.,1
طراحی و زیبایی هم که واقف هستید که چطوری دلبری می‌کنه.,1
سیستم عاملی کاملا روون صدای خوب بدنه ی خوشدست داره,1
محدودیت های زیادی هم برای شما داره چه از نظر سخت افزار چه نرم افزار خش پذیری بالا هم داره,0
باتری با کار عادی یک روز به زور دووم میاره با وای فای کاملا ناامیدکننده هست,0
صفحه نمایش سیستم عامل دوربین سخت افزار همگی سر تر از هر گوشی هستن,1
تو سرعت کم میاره از بقیه پرچم دار ها ضعیف تر هست,0
متاسفانه در برابر سایر پرچمداران اندرویدی میشه گفت مطلقا هیچ کارایی ای نداره و اغراق هم نکردیم,0
در این گوشی در حالت عادی برای کوچک ترین و سطحی ترین و معمولی ترین امکانات اندروید کلی هزینه کنید ایران تحریمه,0
متاسفانه حجم فایل ها و برنامه ها چندین برابر معموله و هم باعث اتمام حجم اینترنت هم اشغال حافظه میشه,0
اول باید به نقاط قوتش پرداخت که میشه به سبک بودن سیستم عامل اشاره کرد، خیلی خوبه واقعا و شاید بشه گفت یک و نیم برابر اعداد در عمل کارایی داره تکنولوژی هم بسیار جالبه,1
از صفحه نمایش هم که حرفی واسه گفتن نیست، با تراکم پیکسلی و رزولوشن هیچ حرفی در برابر هیچ گوشی ای نداره,0
به شدت عاشق گوشی هستم به نظر من از همه لحاظ زیبا و قشنگ هست,1
دوربین و سیستم عامل خوب، آنتن دهی بسیار قوی، سخت افزار با کیفیت,1
باتریش خیلی ضعیفه ولی اینکه میگن اصلا هنگ نمیکنه الکیه برای من پیش اومده بعضی اوقات که لگ بزنه یا هنگ کنه,0
اپ استور خیلی منظم و دقیق عمل میکنه هر برنامه ای که بخوای در دسترس هست، تو ایران هم خیلی خوب جواب میده,1
راحت میتونی باهاش کار کنی نهایتا اگه جایی به مشکل بخوری با فیلترشکن مشکلت حل میشه,1
ولی مشکل اساسی محدودیت ها که خیلی رو مخ آدم میره و اگه نتونی باهاش کنار بیای خیلی آزاردهنده میشه,0
نسبت به رقبا صفحه نمایش ضعیف تری داره و گرون هست به نسبت,0
بی نقص ترین رابط کاربری رو دارد از روان بودن به حیرت میام,1
طراحی بسیار شکیل و زیبا کیفیت ساخت عالی,1
سخت افزار و باتری قدرتمند دوربین بسیار باکیفیت,1
سیستم عامل فوق العاده تقریبا هیچ محدودیتی نداره و میشه باهاش هر کاری کرد,1
"حتی با وجود محدودیت هاش که اونم بخاطر امنیت بالاش هست, یه دنیای کاملا متفاوت و دلنشین هست و کار کردن باهاش چندین برابر لذت بخش تر است.",1
یکی از نکات مهم که برای من خیلی اهمیت داره فوق العاده خوشدست بودن این گوشی هست. یعنی آدم وقتی داره باهاش کار میکنه عمیقا لذت میبره از خوشدست بودنش,1
سیستم عامل ای او اس و بدون هنگ، کیفیت جنس تاچ و بدنه، کیفیت هندزفری عالی، امنیت بالا,1
باتری میتوانست کمی قوی تر باشد مصرف باتریش بالا است,0
یه کم اذیت میشید چون دیگه نمیتونید راحت آهنگ بریزید و روی فایل های سیستمی مدیریت داشته باشید و برنامه هاتون رو راحت روش نصب کنید,0
هرچند تحریم هستیم ولی ساپورت نرم افزاری عالیه,1
هنگ و لگ نداره و اعصابت رو خورد نمیکنه,1
دوربین و لنز هم جای حرف نداره و الکی دنبال عدد نیست,1
فوق العاده سریع و روان در اجرای برنامه و بازی و البته مولتی تسکینگ,1
باتری برای یک روز کافی نیست و نمیتونی خوب استفاده کنی,0
این موبایل رو یک ماهی میشه خریدم و کمبودی احساس نکردم هر برنامه ای رو که میخواستم سریع در اپ استور پیدا میکنم,1
تو ایران پشتیبانی نمیشه راضی نیستم.,0
از نظر قدرت با وجود چیپست ها هیچی کم براتون نمیذاره دوربین که اصلا جای بحث نداره,1
سیستم عامل فوق العاده اش که هر روز یه چیز جدید توش پیدا میکنی,1
کسی رو راضی نمیکنه هر کسی توانایی خرید نداره,0
از قیمت زیاد این گوشی نمیشه گذشت کاش قیمت کمتری داشت,0
گوشی خوبه ولی قیمت آن غیرمنصفانه است ارزش خرید نداره,0
نقاط قوت سخت افزار قوی نسبت به قبل طراحی زیبا و خوشدست,1
سرعت موشک با عملکرد فوق العاده سریع دستیار صوتی بی نظیر حسگر اثر انگشت فوق العاده,1
خیلی گوشی بی کیفیتی بود و باتریش رو قورت میداد,0
تو شارژ ترکید و صفحه و هاردش سوخت,0
اصلا آشغال بود خود به خود برنامه نصب میکرد ویروسی میشد هزار بار فلش هم زدم ولی درست نشد,0
صفحه آن خراب شد و چند تا خط بزرگ پر رنگ تو صفحش بود که با فلش هم درست نشد,0
عملکرد گوشی اختلال داره و درست کار نمیکنه,0
گوشی های اندرویدی عمر کمی دارن و زود ازکارافتاده میشن این تجربه رو با بدبختی کسب کردم,0
اگه دنبال یه گوشی با طول عمر بالا و بدون ویروس و هنگ و سرعت بالا هستید من پیشنهاد میکنم,1
من رو خسته کرد فروختم رفت نه میشه چیزی درست بریزی نه چیزی درست حسابی دانلود کنی,0
تو ایران فایده و کاربرد نداره استفاده نمیشه,0
سرعت فوق العاده راحتی استفاده امکانات کارآمد و زیاد,1
سرعت عملکرد فوق العاده و برنامه های بی نظیر اختصاصی اپل رو داره، بدون افت سرعت چند سال میتونین ازش استفاده کنین,1
فوق العاده ، لوکس ، عالی ، محشر ، قابل مقایسه با هیچ گوشی نیست حتی بهترین,1
هنگ میکنه، خیلی برنامه ها کرش میدن، زود شارژ خالی میکنه، داغ میشه,0
در مورد آپدیت بگم که سرعت گوشی عالی شده تاچ دلپذیر تر شده.,1
دوستان واقعا بهترین گوشی ممکنه هیچ چیزی براتون کم نمیزاره,1
راحت تا چند سال جوابگو هست و نیازی به عوض کردن گوشی ندارین و اصلا تو بازی کم نمیاره این گوشی یه غول به تمام معنا است.,1
واقعا نمیصرفه به قیمت خدایی من داشتم محدودیت زیاد داره,0
سرعت بالا دوربین قوی سیستم عامل روان,1
دیر شارژ شدن باتری داغ شدن زیاد که ناشی از کار مداوم هست که خیلی قدرتمنده باتری با ظرفیت کم,0
نبود شارژ سریع ضد آب نبودن نبود فایل منیجر,0
قیمت زیاد محدودیت های بی جا و بدون دلیل,0
اکثر امکانات برای ایرانی ها بی استفاده هست خیلی ناامید کرد.,0
عدم وجود کیبورد فارسی به راحتی از دست لیز میخوره,0
هیچ پشتیبانی‌ ای از زبان فارسی نمیکنه درحدی که حتی کیبوردی به نام فارسی در بین گزینه هاش وجود نداره,0
باید بهتون بگم در خرید شک نکنید عالیه,1
گوشی بسیار باکلاس و شیک هست مخصوصا رنگ گلد که فوق العاده هست,1
نقطه قوت هیچی نداره خیلی ضعیفه,0
بسیار روان و خوشدست و یک ارتقا بسیار ارزشمند برای من,1
واقعا همه چی تمومه بسیار زیبا و عالی,1
اصلا ظاهر قشنگی نداره از لحاظ کارایی کمبود داره,0
واقعا گوشی خوبیه اپل کلاس خیلی بالایی داره هم قشنگ هست هم قوی,1
فقط کلاس داره همین دیگه هیچی نداره فقط پول برند رو میگیره ,0
خیلی داغ میکرد اذیت میکرد تا این که بعد یه ماه گوشی خاموش شد و دیگه روشن نشد,0
خریدم خیلی پشیمون هستم راضی نیستم,0
سنسور نویگیشن بی نظیر و سرآمد بر هر دیوایسی,1
بهره وری در هماهنگی فرمویر و اپلیکیشن های موجود حداقل لگ و گرفت و گیر در حین اجرای چند اپلیکیشن,1
ماندگاری از اول صبح تا آخر شب برای باتری که با نهایت استفاده یک روز کامل یاور خواهد ماند,1
قابلیت تاچ که خود کارایی متمایزی را به ارمغان دارد,1
میشه اون رو متمایز دونست هماهنگی فوق العاده سخت افزار و نرم افزار,1
دوام و استحکام بی نظیر بدنه آن و همچنین دوام کابل شارژر و هندزفری آن که به نوعی سیم بوکسلی است در نوع خود,1
قیمت نسبتا بالا در تجهیزات جانبی,0
از برند های چینی هم پایین تر هست آنطور که انتظار میرفت ازش استقبال نشد,0
واقعا گوشی معرکه ای هست واقعا ازش راضی هستم,1
من یه ماهه این گوشی رو گرفتم و واقعا عالیه,1
پوکید رفت و همش هنگ میکنه,0
تمام تلاشش رو کرده که کاربر از کار کردن با گوشی لذت ببره و اون قدر نرم افزار و سخت افزار گوشی با هم هماهنگ هست که هیچ وقت هنگ و لگ زدن رو توی گوشی مشاهده نمی کنید,1
من که شخصا عاشق تاچ سه بعدی ام خیلی کارم رو سریع تر راه میندازه,1
توی یه کلام بهترین برند موبایل چه از نظر کیفیت ساخت چه نرم افزار,1
سرعت فوق العاده اجرای برنامه ها حتی به طور همزمان ,1
کیفیت بالای ساخت بسیار زیبا و خوشدست,1
من این گوشی رو بیشتر از یک سال هست که دارم و استفاده میکنم، انصافا همه چیزش عالیه و من راضیم، سرعت، کیفیت دوربین، نوآوری، همه چی,1
نقطه ضعف اصلی آن دیر شارژ شدن باتری است,1
اغراق آمیز و اشباع بیش از حد کیفیت دوربین آن را پایین آورده است.,0
برترین فاکتور این گوشی سیستم عامل روان و هماهنگی آن با سخت افزار و امنیت مثال زدنی آن است,1
از همه نظر واقعا عالیه از کیفیت ساخت عالی گرفته تا صفحه نمایش و دوربین باکیفیت و طبیعی,1
پیشرفت های خوبی رو داشته مانند: پردازنده ی سریع تر، مقاومت در برابر آب، و تا حدودی هم پیشرفت دوربین در نور کم,1
فناوری لمس سه بعدی این گوشی بسیار کاربردی است,1
دوربین آن. سیستم عامل خوب. کیفیت قطعات مناسب. به روز بودن. شیک,1
چهار ماهه گرفتمش به جرات میتونم بگم در نوع خودش بهترینه,1
من که خیلی راضیم حتما پیشنهاد میکنم,1
انتقال فایل به گوشی به راحتی امکان پذیر نیست سخت میشه,0
گوشی یکم بهش عادت کنین ور برین خیلی جذاب میشه از لحاظ دوربین حرفی نمیذاره بمونه سخت افزار بی نظیر هست,1
برنامه ها مشکل دارن و به راحتی نمیتونین باهاش کار کنین,0
ایرادات زیادی میشه به این گوشی گرفت و در کل خریدش پیشنهاد نمیشه,0
نقطه قوتی نداره و بسیار بی کیفیت و ضعیف هست.,0
خریدم و یک ماه استفاده کردم اما بعد فروختمش خوب نبود راضی نبودم,0
نیاز های دسته بزرگی از کاربران را نادیده می گیرد و برطرف نمیکند ارزش ندارد,0
سرعت بسیار بالا در اجرای برنامه ها کیفیت صفحه نمایش فوق العاده هنگ نکردن به هیچ وجه,1
دوربین هم واقعا عالی ، ویژگی تصاویر زنده هم که دیگه محشره,1
برای خرید گوشی تو این رنج قیمت بی شک گزینه ی مناسبی هست ، تردید نکنید.,1
محدودیت هایی که این مدل داره من رو از خرید آن منصرف کرد استفاده ازش سخته.,0
گوشی خیلی داغ میکنه و گاهی دست رو می سوزونه,0
برخلاف باور عموم باتری اصلا ضعیف نیست دوربین واقعا حرف نداره,1
این گوشی بسیار خوشدست هست و کاملا از کار کردن باهاش لذت میبرین,1
بلوتوث نداره مزخرفه باید دیتا دانلود کنید که کلی وقت میبره تازه ارور لایسنس میده,0
من این گوشی رو چهار ماه میشه که دارم واقعا فوق العاده هست تا الان هیچ ضعفی یا هنگی ازش ندیدم,1
تری دی تاچ و اثر انگشت دقیق و سریع طول عمر بالا,1
دوربین عالی با امکانات بی نظیر دوربین عالی با امکانات بی نظیر,1
بعد یه مدت خراب شدن هنگ کردن سرعت افت کرد ویروسی شدن لگ پیدا کردن,0
از همون ابتدا باگ و لگ داشت اسپیکرش سوخت,0
مموری و سیم کارت خراب شد کلا اندروید چیزی مثل اسباب بازی هست و سیستم عامل مزخرف هست و زود باعث خراب شدن گوشی میشه,0
طراحی خوب بدنه و خوش دست بودن ، سبک بودن، باتری خوب، شارژ و هندزفری خوب,1
ضد آب نیست خیلی داغ میکنه و خرج زیادی برمیداره,0
سخت افزار خیلی ضعیفی داره و به درد هیچ کاری نمیخوره,0
این گوشی از پس هیچ پردازشی بر نمیاد و اصلا به درد نمیخوره,0
کل گوشی ها قیمت زیاد دارن این گوشی ضد آب نیست و ضد آب نبودن یکی از بدی های این دستگاه هست,0
این گوشی برعکس رقیب ها کارت حافظه ندارد و این مشکل باعث شده که این دستگاه از حافظه داخلی استفاده کند,0
یکی دیگر مشکلات این محصول نداشتن زبان فارسی است و اگر یک ایرانی که زبان های خارجی را بلد نباشد از این محصول نمی تواند استفاده کند,0
سرعت ماورای تصور صفحه نمایش کیفیت صدا عالی,1
واقعا از زمان حال خیلی جلوتره همه چیز تمام,1
تمام فاکتور های نقاط قوت اپل رو داره از جمله پردازنده هسته های مرکزی، دوربین و پخش صدا، ظاهر,1
خوشدست قشنگ اجرای روان دوست داشتنی,1
دوربین خیلی خوب ، کیفیت بالا در ثبت فیلم سرعت بسیار بالا,1
کاش ظرفیت باتری بهتر بود خیلی ضعیفه,0
عدم مقاومت نسبت به رطوبت و آب واقعا این ضعف بزرگیه که با یه آب خوردن ساده گوشی اینجوری نابود بشه,0
باطری ضعیف، کابل بد شارژر، عدم مقاومت نسبت به آب,0
سیستم عامل روان و سریع ظاهر زیبا کیفیت ساخت عالی,1
تنوع وسایل جانبی مخصوصا قابهای متنوع عدم هنگی پشتیبانی قوی نسخه های جدیدتر,1
دوربین سلفی نه چندان قوی باطری ضعیف,0
باطری این گوشی بعد از سال استفاده ضعیف شده و زود خالی میشه نسبت به روزهای اول استفاده ام از این گوشی,0
اپ استور بعضی وقت ها برای آی پی ایران بسته میشه و نمیشه ازش برنامه ای دانلود کرد,0
جنس بدنه عالی باطری قوی طراحی بسیار زیبا,1
برجستگی دوربین لوازم جانبی بسیار گران قیمت بسیار بالا,0
محدودیت های سیستم عامل مسدود شدن های گاه و بیگاه فروشگاه اپل به خاطر تحریم,0
پیچیده هست لمس سه بعدی اصلا کارآمد نیست,0
گوشی بسیار باکیفیت و خوبیه. طراحی زیبایی داره و بسیار کارآمد.,1
اگه توان مالیشو دارید در خریدش شک نکنید.,1
یه مقدار سنگین دوربین جلو هم میتونست بهتر باشه,0
لمس بالاترین کیفیت و کارایی و بالاترین فناوری مزیت هست,1
زیبا ترین و شکیل ترین گوشی همیشه بهترین و یکه تاز می باشد.,1
تراشه بسیار قوی کیفیت صفحه فوق العاده باطری با طول عمر بالا,1
رتینا فلش و صفحه ی کمی خمیده در یک کلام عالیه,1
طراحی زیبا و سرعت بالای تاچ آیدی دوربین خوب و دوربین سلفی خوب,1
لنز دوربین بیرون زده وزن زیاد هست,0
دوربین قوی و با نویز کم برنامه های بسیار سریع تر و کاربردی تر نسبت به اندروید,1
دوربین: با کارایی بالا، عکس های باکیفیت، فیلمبرداری عالی، فیلم اسلوموشن جذاب,1
سیستم عامل سریع، روان، بدون هنگ برای کسانی که از کند بودن گوشی خسته شدن بهترین انتخاب هست,1
کیفیت ساخت: بدنه خوب و فلزی، قرارگیری مناسب دکمه ها، صفحه نمایش باکیفیت و جوابگو زیر نور آفتاب,1
هنگ کردن گوشی به شدت رو اعصاب هست,0
این گوشی فوق العاده هست نسبت به قیمت عالیه,1
از چشمم افتاده درست کار نمیکنه و خراب شده,0
تاچ ایدی که واقعا سریع ترین است واقعا باید امتحان کرد تا فهمید چه خبره همچنین لمس سه بعدی واقعا جالب هست و کارتون رو سریع تر و بهتر پیش میبره,1
دوربین سلفی و اصلی هم خیلی تغییر کرده و خیلی بهتر شده نسبت به قبل,1
از لحاظ پردازنده هم که واقعا عالیه و چیزی برای ایراد نداره رزولوشن صفحه هم خیلی بهتر شده و تو ظهر آفتاب همه چیز رو میبینید,1
کیفیت دوربین و صفحه پایین است و سرعت مناسبی ندارد.,0
شفافیت صفحه مثال زدنی و چشم نوازی داره.,1
به نظر من این گوشی همه قابلیت های یک گوشی خوب و مدرن و کارآمد رو با هم داره,1
سخت افزار فوق العاده قدرتمند سیستم عامل عالی و امکانات منحصر به فرد آن,1
عالیه هیچگونه لگ نداره و یک گوشی به تمام معنا هست,1
محدودیت در دانلود فایل از اینترنت و محدودیت ارتباط و انتقال فایل با دستگاه ها,0
واقعا کار با آن به علت سریع بودن سیستم عامل آی او اس لذت بخش هست,1
در حال حاضر شرکت اپل از بهترین فناوری و بهترین قطعات برای ساخت گوشی هاش داره استفاده میکنه,1
بعد از چند مدت کار کردن قطعات فرسوده میشه کار با دو دست سخته,0
دوربین پشت و جلو عالی صحفه نمایش باکیفیت توان پردازشی فوق‌العاده,1
پاسخ گویی خیلی سریع و بی نظیر به تمامی فرامین,1
خوشدستی کیفیت ساخت عالی نرم افزار و سیستم عامل خیلی روان و عالی,1
راحتی استفاده حسگر اثر انگشت خیلی دقیق و سریع,1
از همه لحاظ عالیه تو قسمت نقاط قوت هر چی که گفتم عین حقیقته و اون نقاط قوت ها واقعا خیلی عالیه,1
باتری در حد متوسط در مورد اسپیکر حجم اون در حد متوسطه کیفیت خوبی نداره,0
برجستگی دوربین توی ذوق میزنه و خوب نیست,0
این گوشی هیچی کم نداره سرعت زیاد راحتی امنیت,1
واقعا عالیه من داشتم خیلی محشر بود بخرید,1
رابط کاربری پیچیده کیفیت صفحه خیلی پایین,0
طراحی اش اصلا هیچ تغییری نسبت به مدل قبلی نداره به نظر من این گوشی نسبت به هم رده های خودش خیلی پایینه,0
من این گوشی رو اول تیر خریدم واقعا عالیه باطری فوق العاده هست یه روز با استفاده سنگین و دو روز با استفاده سبک دووم میاره,1
لمس سه بعدی باعث افزایش وزن گوشی شده است لنز برجسته است,0
من تازه گرفتم خیلی ازش راضی هستم واقعا گوشی خوبی هست,1
دوربین عالی اسلوموشن جذاب و خیلی روان سخت افزار قدرتمند,1
سیستم عامل عالی و هماهنگ با سخت افزار پایدار و روان,1
جنس بدنه و شیشه گوشی عالی هست ضدخش بودن لنز,1
کیفیت تصویر که در مقابل هم رده هاش حرفی برای گفتن نداره دوربین هم که خیلی از هم رده هاش ضعیف تر هست,0
فقط چون آدم های معروف میخرن معروف و گرون شده و مردم هم میخرن واقعا ارزش خرید نسبت به قیمت نداره,0
طراحی زیبا باکیفیت و کارایی خیلی خوب شیک و باکلاس,1
بعد از آپدیت جدید باطری زود خالی میکنه و نقطه ضعف هست,0
از هر لحاظ عالیه ارزش خریدن داره چون سخت افزار بسیار قدرتمندی داره,1
خیلی بهتر و خوشدست تر و پرفروش تر هست عالی در کل و بسیار شیک,1
همه چیز عالیه حتما برای خرید پیشنهاد میکنم,1
هیچ نقصی نداره بدون تردید سفارش بدن,1
به شدت خوش دست و زیبا عملکرد سریع در اجرا برنامه ها,1
مناسب ترین سایز گوشی همین هست از طراحی زیباش هم که هر چقدر بگم کمه.,1
طراحی فوق العاده کاربردی و هماهنگی کامل سخت افزار با نرم افزار گوشی ارگونومیک به معنای واقعی,1
ای کاش بدنه اش از جنس تیتانیوم بود نه آلومینیوم,0
این گوشی با فکر و کاملا حساب شده و دقیق طراحی و ساخته شده,1
روان و سریع ظاهر فوق العاده خوشدست بودن,1
اگر میخواین باهاش بازی کنین یا کارای سنگین بهتره سمت این گوشی نرین کوچیکش شمارو برای گیم بازی کردن راضی نمیکنه.,0
یک هفته میشه که خریدمش، تو این مدت خیلی به دلم نشسته واقعا ارزش پولی که پاش دادم رو داره,1
کیفیت ساخت خوب دوربین عالی باطری عالی سرعت بالا خوشدست,1
این گوشی خیلی ظریف و ناز هست و نرم افزار بهینه و قدرتمندی داره,1
بعد از یک هفته کار باهاش ازش دلزده شدم. انتظارات من رو برآورده نکرد.,0
نقاط ضعفش بیشتر از نقاط قوتش هست و ایراد های ریز و درشتی داره.,0
در ساخت این گوشی سهل انگاری شده و اشتباه صورت گرفته و محصول نهایی ناقص و پر از ایراد هست.,0
واقعا گوشی بی نظیری هست حرف نداره آنچنان محدودیتی هم دوستان میگن نداره در کل عالی حتما پیشنهاد میشه,1
کیفیت اسپیکر صفحه نمایش دوربین اصلی عالی,1
خوشدست سرعت بالا بعد از کمی تحقیق این گوشی رو خریدم و کاملا راضی هستم,1
دوربین فوق العاده هستش سلفی اش تو جاهای تاریک نسبتا قابل قبوله ولی دوربین اصلی خیلی عالیه,1
فیلمبرداری خیلی خوبه و اصلا لرزش دست تو فیلمبرداری نمی افته و ذرات بارون رو هم تو فیلمبرداری براتون میگیره و میکروفون دوربین بسیار عالی هست,1
آنتن دهی خوبی داره و قطع و وصل نمیشه,1
واقعا وضوح تصویر خوبی داره کیفیت صدای تماس و اسپیکر خیلی خوبه,1
بسیار منو ها و برنامه هاش روان اجرا میشه و اصلا تیک نمیزنه,1
لبه هاش شکسته یا صفحه اش ترک برداشته یا رنگش رفته,0
خیلی سنگین میشه و تیک میزنه و منو هاش یا کل گوشی روان نیست,0
باگ های متعدد نرم افزاری داره که کاربر رو به سطوح میاره و خسته میکنه,0
باگ و لگ به مقدار زیاد بعضی وقت ها کار باهاش غیر قابل تحمل میشه,0
قیمت بالا رو که در نظر بگیریم چندان ارزش خرید نداره و با پول ایران خریدش غیر منطقی هست.,0
از خریدش پشیمون هستم خیلی اذیت میکنه درست کار نمیکنه,0
گوشی خوبیه. همه امکانات رو داره. انتخاب خوب و عالی هست,1
عملکرد مناسب حسگر اثر انگشت هماهنگی بی نقص بین نرم افزار و سخت افزار,1
ظاهر فوق العاده خوشدست باطری عالی,1
حسگر انگشت تغییر داشته و عملکرد خیلی بهتری داره,1
دوربین سلفی تو شرایط نوری کم ضعیف و دارای نویز زیادی میباشد. پاور لق بود.,0
تایپ باهاش و هندلینگش راحته باطریشم خیلی خوبه,1
دوربین سلفی جالب نیست اگر قبلا هم گوشی با صفحه بزرگ داشتید به مشکل برمیخورید,0
ارزش خرید بالا نسبت به قیمت کارایی فوق العاده,1
انتخابی خوب برای کسانی که یه گوشی بادوام و باکیفیت و در عین حال کارآمد و شیک میخوان.,1
بعد از مدتی استفاده کند میشه و سرعت خودش رو از دست میده.,0
قدرت سخت افزاری پایین و عدم توانایی اجرای برنامه و بازی های سنگین.,0
قدرت پردازشی کم این گوشی ناامیدکننده است و انتظارات را برآورده نمیکند.,0
پس از یک ماه استفاده از یک ارتفاع کم از دستم لیز خورد و افتاد زمین و شکست صفحه گوشی ترک برداشت و دیگه قابل استفاده نیست.,0
گارانتی و پشتیبانی خیلی ضعیف هست و به خواسته های مشتری متاسفانه توجه نمیشه.,0
کند شدن درش معنایی نداره و واقعا روان هست و کار باهاش لذت بخش هست.,1
در یک کلام به معنای واقعی گوشی باکیفیت و خوشدست هست تو خریدش شک نکنین حتی یک لحظه,1
حاشیه های زیاد در اطراف صفحه نمایش. قدیمی شده,0
دوربین سلفی خوب هست ولی میتونست قوی تر باشد. بلندی صدای اسپیکر میتوانست استریو و بلند تر باشه.,0
سرعت بسیار خوب و عدم هنگی. سایز بسیار مناسب.,1
کیفیت ساخت بسیار خوب. دوربین اصلی بسیار با کیفیت در تمام شرایط نوری حتی با بدون لرزشگیر نوری.,1
داغ نشدن گوشی در استفاده معمول. در شش ماه استفاده ازش کاملا راضی هستم.,1
دوربین جلو یکم ضعیف هست. طراحی قدیمی,0
دوربین به توی این زمان اوکی نیست ضعیف هست نسبت به رقبا کم هست,0
هر چیزی که از یک گوشی انتظار داشتم رو برآورده کرد معرکه هست,1
کیفیت بالای ساخت و وزن واقعا پایین گوشی جمع و جور,1
دوربین اصلی و سلفی بسیار خوب و راضی کننده به همراه ویژگی اسلوموشن,1
توان پردازشی بالا در اجرای تمامی برنامه ها باتری مناسب برای کار های روزمره,1
به روز رسانی های سیستم عامل هم به بهترین نحو ممکن انجام میشه و در طی این آپدیت ها به مراتب کارایی دستگاه بالا تر میره,1
کیفیت سلفی اش هم واقعا شگفت انگیز هست در مجموع گوشی خیلی خوبی هست,1
فقط یک مسئله که وجود داره یک مقدار تعامل با ویندوز به نسبت سخت تر هست,0
مثل همیشه بی نظیره. دوربین قوی امنیت بالا,1
تعریف لازم نداره. صدای قوی باطری قوی سخت افزار بی نظیر,1
قابلیت های این گوشی بسیاری از نیازهای روزمره را مرتفع میکنه و از نظر طراحی و زیبایی ظاهری بسیار عالیه.,1
از نظر قیمت هم بسیار مناسبه به همین دلیل به کسانی که دنبال یک گوشی خوب، بادوام و زیبا و کارآمد هستند توصیه میکنم بخرن.,1
زیبایی در طراحی، خوشدست قابلیتهای بالا، سیستم عامل یکپارچه و کارآمد، جنس بدنه بسیار خوب,1
جنس بدنه این گوشی پلاستیکی است و طراحی مناسبی ندارد.,0
نقاط ضعف طراحی بچه گانه و مسخره هست که مطابق سلیقه آدم نیست,0
قیمت این محصول ثابت نیست و نوسان های زیادی داره و ممکنه در آینده کاهش پیدا کنه توصیه میکنم فعلا نخرید,0
به هیچ وجه این گوشی رو نخرید که پشیمون خواهید شد از ما گفتن,0
باتری ضعیف که حتی یک روز هم دووم نمیاره همه جا و همیشه نیاز به شارژر یا پاوربانک دارید,0
قیمت خود گوشی و لوازم جانبی بسیار بالا است و صرفه اقتصادی ندارد.,0
نسبت به رقیب ها ضعیف عمل کردن و به مقدار کافی تلاش برای جلب رضایت مشتری نکردن.,0
با توجه به طرح رجیستری اپل، آیفون نایاب شده حتی اطمینانی هم به فروشنده ها نمیشه کرد,0
یه گوشی از نامدار ترین برند تاریخ گوشی های هوشمند با یه سیستم عامل فوق العاده,1
عاشق این گوشی شدم در عین حفظ اصالت از ویژگی های محبوب برند استفاده کرده و همچنین قیمت معقول,1
این گوشی رو که دست بگیری جدا از پز مد به مد عوض کردن اپل فقط از خودش لذت میبری به نظر من که حرف نداره .,1
سیستم عامل قابل اعتماد و اعتیاد آور دوام باتری معرکه,1
سرعت بالا در انجام تمامی کارها سایز مناسب,1
سنسور دوربین و مشخصات آن فوق العاده که میتونید بهترین و خاطره انگیز ترین عکس ها رو باهاش ثبت کنید.,1
واقعا زیبا کاربردی و ایمن هست و هیچ وقت از آن خسته نخواهید شد.,1
آپدیت های به موقع و متعدد از طرف شرکت اپل باعث بهبود پرفورمنس گوشی و ارتقا امنیت سیستم عامل میشه و خیال کاربر از همه چیز راحت هست,1
گوشی خیلی داغ میکنه و حرارت بالایی میگیره که دست رو میسوزونه.,0
یه گوشی قابل اعتماد ، زیبا و سریع با دوربین عالی,1
اگه بودجه محدود دارین یا آینده گوشی براتون مهمه سمت این نرین پیشنهاد نمیشه کلا,0
از بابت قوی بودن بدنه خیالم راحت هست و اینکه اندازه طوری هست که توی دست قشنگ جا میگیره و دیگه نیاز نیست نگران افتادن و لیز خوردن از توی دست هام باشم,1
دوربین جای هیچ ایرادی نداره خصوصا دوربین سلفی جدی میگم عالیه,1
دوربین ضعیف و بی کیفیت هست و مشکلات متعددی داره به درد نمیخوره,0
بنده حدود یک ماه میشه این گوشی رو بعد از تحقیقات مختصر خریدم و باید بگم راضی نیستم و اگر میتونستم چیز بهتری انتخاب میکردم.,0
یک ماه هست که خریدم ، واقعا گوشی روان و با سخت افزار قوی هست,1
بی نظیر هست از همه لحاظ . پیشنهاد میکنم اگه جمع و جور بودن گوشی و همه فن حریف بودن براتون مهمه از دست ندین,1
روان ترین و بهترین سیستم عامل داره خوشدست ترین گوشی دنیا است و با یه دست راحت باهاش کار کن.,1
این گوشی هم از لحاظ ظاهری خوبه هم ابعادش بزرگ و مورد پسند همه است,1
با توجه به این اوضع قیمت ها اگه یه گوشی واقعا عالی ، بزرگ و مطمئن میخوای همینه,1
گوشی خیلی خوبیه و قیمتش مناسبه,1
از لحاظ رنگ بندی هم خیلی تنوع داره و سایز صفحه 6.1 اینچه که فکر می کنم بسیار عالیه!,1
خیلی قویه که عالیه دوربین عالی,1
قیمت اصلیش باید پایینتر از این حرفا باشه با این پول ایکس اس میشه گرفت با امکانات دوبرابر این هم قیمت ایکس اسه که نمیصرفه,0
دوربین عالی چیپست قوی عمر باتری بسیار عالی قابلیت وایرلس شارژ و فست شارژ,1
یه مقدار حاشیه صفحه نمایش به نسبت دو مدل دیگه بیشتره عدم توانایی دیدن محتوای اچ دی ار در اینترنت.,0
کافیه یه بار صفحه این گوشی ر از نزدیک ببینه مطمئن باشین راضیتون میکنه.,1
من الان دو ماهه خریدم بسیار عالی توصیه میکنم,1
گوشی فوق العاده با کیفیت و بروز و شیکی هستش و اینقد فضا داره که دیگه غیر ممکنه نیازی به کات حافظه خارجی بشه,1
با بالارفتن دلار دیگه کمتر کسی میتونه اینو بخره خیلی گرونه,0
عالی هست ولی خیلی گرون است نمیصرفه بگیریم,0
اینکه خیلی زیبا است رنگ طلایی این محصول زیباترش هم میکند,1
نداشتن نوآوری قیمت بسیار بالا نداشتن منوی فارسی,0
نداشتن شیار اس دی کارت یوزر فرندلی نبودن رابط کاربری,0
حالا چیز جدیدی بجز استایل برای عرضه کردن نداره که برای یک کاربر پیشرفته که پرفورمنس و کارایی میخواد چیز مهمی نیست.,0
آنچه از یک اسمارت فون پیشتاز و به قول امروزی ها پرچمدار میشه انتظار داشت، تقریبا در این وجود نداره و تمام نوآوری های تکنولوژیکی برتر رو رقبا به بازار عرضه میکنند.,0
در مقابل رقبای چینی و کره ای و ژاپنی هیچ حرفی برای گفتن نداره.,0
یک گوشی محافظه کار و دست به عصا هست که از تکنولوژی سال قبل بهره میبرد,0
صفحه نمایش با رزولوشن پایین نسبت به گوشی های پیشتاز فعلی قیمت بسیار بالا,0
کیفیت پایین صفحه نمایش نسبت به گوشی های پیشتاز فعلی محل قرارگیری دوربین و سنسورها داخل صفحه نمایش,0
دوربین سلفی با رزولوشن پایین سیستم عامل و اینترفیس که همچنان یوزر فرندلی نیست,0
دوربین اصلی با رزولوشن پایین نداشتن شیار کارت اس دی برای اضافه کردن فضای ذخیره سازی,0
نداشتن منوی فارسی که برای بسیاری از کاربران ایرانی لازمه و به علت تحریم های با منشاء سیاسی اپل این کار رو نکرده,0
نداشتن دوربین با لنز واید نداشتن دوربین دو گانه سلفی باتری با شارژدهی کم,0
نداشتن رادیوی اف ام نداشتن خروجی هدفون معمولی روی بدنه و اجبار در استفاده از تبدیل برای سایر هدفون ها,0
محدودیت های بسیار زیاد برای کاربر بلوتوث بسیار محدود مخصوصا در ارسال و دریافت فایل و تصویر و ویدئو,0
اسم برند فریم زیبا دو سیم کارته شدن,1
مهم تر از اون سیستم عامل هست که یک کم ضعیف تر عمل کرده بیشتر مثل یک زندان شده چون نمیشه به هر چیزی دسترسی داشت. امیدوارم بهتر بشه,0
خیلی پردازنده ی گرافیگی قوی داره این عالیه و هیچ نقطه ی ضعفی نداره,1
من این گوشی رو دارم خیلی ازش راضی هستم و حرف نداره بازی های خوب رو مثل پابجی و فورتنایت به خوبی بالا میاره من که عاشقش هستم,1
از نظر زیبایی و ظرافت و کیفیت هیچ برندی در حد این نیست. یه برند واقعا اصیل و یه کالای لوکس در خریدش شک نکنید تمام.,1
این گوشی عالیه پیشنهاد میکنم شما هم وطنانم خریداری کنید,1
ساختار تمام شیشه ای اندازه فوق العاده با بازده نمایشی خوب,1
کیفیت ساخت و امکانات بالا و ظاهر زیبا دارد ,1
قیمت بالا برجسته بودن دوربین وزنش کمی زیاده,0
من این گوشی را تهیه کردم و بسیار راضی هستم.,1
گوشی بسیار قوی از هر لحاظ و با توجه به ظرفیت حافظه کاملا مقرون به صرفه می‌باشد.,1
بسیار مناسب برای استفاده به صورت فبلت و بی ‌نظیر برای بازی است,1
تا سال پیش میشد این رو با همه‌ قیمت بالای ‌آن با برنامه ریزی مالی خرید. ولی این قیمت واقعا برای خرید معقول نیست و قشر کمی توان خریدش را دارند.,0
از وقتی که دکمه هوم از آن حذف شد اصالت و خاص بودن هم از بین رفت,0
خوبه ولی با این قیمت ارزش خرید نداره,0
فقط دنبال سودجویی بیشتر هستند و کیفیت محصول را کاهش دادند,0
آپدیت نرم افزاری اومد به جرات میتونم بگم که حتی یک بار هم گوشیم هنگ نکرده,1
میزند تو ذوق آدم کیفیت و امکانات کافی نیست و ناامید میکند,0
سایز بزرگ تر و سخت افزار غنی تر و قوی تر پیشرفته است,1
کیفیت دوربین و سرعت گوشی فقط لایق کلمه منحصر به فرد و بی نظیر هست,1
واقعا از همه نظر فوق العاده است خوش دست است,1
دوربین عالی کیفیت صفحه دیوانه کننده,1
برآمده بودن دوربین و باتری ضعیف نقاط ضعف آن هستند,0
امکاناتش انقدر کم هست که در مقابل قیمت زیاد اصلا بهشم نمیاد,0
اگر توان خرید آن را دارید در خریدش شک نکنید توصیه میشه,1
به روز رسانی های مرتب و عالی و امنیت سیستم,1
رابط کاربری روان و ساده و یوزر فرندلی است کیفیت دوربین خوب,1
رابط کاربری بسیار ساده و سیستم کارآمد و فوق العاده,1
سیستم روان نیست و کد معیوب و ناقص است,0
مواد ساخت بی کیفیت هستن  و دوام ندارند,0
کمپانی در ساخت این محصول سربلند بیرو نیامده و موفق نبوده,0
پردازنده ضعیف دورین نه چندان خوب فقط کلاس داره,0
شارژ بسیار ضعیف حذف تبدیل هندزفری قیمت هم بسیار بالا,0
هوش مصنوعی قوی دارد و کلا گوشی عالی هست,1
از نزدیک دیدم خوب و زیبا نیست پردازنده ضعیف است,0
سرعت شارژ بسیار پایین است و خاصیت شارژ معکوس ندارد,0
رنگ های متنوع و زیبا و کیفیت ساخت بالا به دلیل استفاده از فلز و شیشه مرغوب و پوشانده شدن سطح جلو و عقب,1
نمایشگر بسیار بزرگ با کیفیت بسیار خوب و عالی که زیاد جذب بدنه شده است و کم پیدا بودن تیکه بریده شده نمایشگر و پردازنده فوق العاده,1
قیمت بالا پشتیبانی نکردن از کارت حافظه برجستگی لنز دوربین,0
خیلی قوی و شیک و عمری هست باید بگیرید دستتون تا بفهمید منظور من چیه,1
از این بالاتر وجود نداره اگه پول آن را دارین در خریدش شک نکنید,1
سیستم پر قدرت و امکانات خوبی نداره بیشتر برای پز دادن هست,0
اندازه بیش از حد بزرگ است و مناسب برای استفاده روزمره نیست,0
با قیمت پایین تر از این محصولات بهتری میشه تهیه کرد و ارزش خرید نداره,0
با کیفیت و قدرتمند حرف نداره و بی نظیر هست,1
حرفی برای گفتن نداره در مقایسه با رقبا تکراری و بدون خلاقیت هست,0
طراحی زیبا و خوبی داره و خوش ساخت هست,1
بیشتر پول برندش را میخورد وگرنه بقیه رقبا از این بهتر هستند,0
صفحه نمایش عالی سرعت بالا باتری عالی شیک و زیبا,1
شبیه به نسل قبلی نداشتن فست شارژ گرون بودن قیمت,0
طراحی بدنه عالیه صفحه نمایش بزرگ و سرعت بالای گوشی منحصر به فرد,1
همیشه نوآور بوده در زمینه های مختلف و برند خاص و لوکس هست,1
تکنولوژی برتر باعث شده بی رقیب باشه,1
قیمت بالا و گرون بودن باعث به وجود آمدن نظرات منفی میشه,0
دوربین دقیق صفحه نمایش غول پیکر و با کیفیت,1
دوربین بیرون زده از بدنه عدم نوآوری خاص نسبت به نسل قبل.,0
ارزش خرید نداره چون صفحه و دوربین ضعیف هستند,0
خیلی شاخ هست و جذاب و زیبا است,1
طراحی ظاهری آن دارای جذابیت فراوانی است که نقطه مثبت آن محسوب میشود,1
غافلگیر شدم از قدرت زیاد و عملکرد خوب و روان دستگاه,1
قیمت بالا باعث میشه در ایران توانایی خرید این را نداشته باشیم ای کاش گرون نبود,0
توانایی رقابت با مدل های جدید و به روز را ندارد و در مجموع کیفیت متوسط و شاید حتی ضعیفی دارد.,0
اگر دوربین دوگانه یا قابلیت نگهداری شارژ بیشتر داشت بهتر بود,0
بعد از یک هفته استفاده از محصول باید بگم متاسفانه از کیفیت آن راضی نیستم,0
پشتیبانی ضعیف و بدی داره هنگام خرید اگر به گارانتی و ارائه دهنده آن دقت نکنید پشیمون میشید,0
از خرید این محصول پشیمان شدم و تصمیم دارم آن را پس دهم.,0
نحوه عملکرد دستگاه خوب نیست و مشتری را راضی نمیکند سازندگان آن باید جوابگو باشند,0
چند وقت که ازش استفاده کنید عاشقش میشید و نمیتونید کنارش بگذارید,1
دقت حسگر ها میتوانست بهتر باشد در حال حاضر کمی ضعیف است و راضی کننده نیست,0
خوب و کارآمد هست خلاصه همه چیزش عالیه,1
یک محصول تمام عیار و جالب. اگر از پس قیمت بالا بر میاید در خریدش شک نکنید,1
قیمتش واسه ما تو ایران زیاده ولی به نظر من ارزش خرید داره چون یه گوشی تمام عیار,1
دوربینش معرکه است در خصوص باتری هم به نظر من مشکلی نداره و خوب شارژ نگه میداره,1
همه چیز عالیه و مثل همیشه محصولاتش خوب و کارآمد,1
میتونید دو سیمکارت همزمان استفاده کنید این واسه ما خبر خوبی هست,1
هر چقدر هم خوب باشه نمی ارزه خیلی گرونه متاسفانه فقط افراد ثروتمند میتوانند بخرند,0
صفحه نمایش تمام صفحه فیس ایدی سریع تر کیفیت صفحه بی نظیر,1
هماهنگی سخت افزار با سیستم عامل سهولت استفاده از گوشی,1
طراحی زیبا طول عمر بالا روانی,1
قدیمی شده و مثل گذشته کاربرد ندارد افت کرده,0
کیفیت آن افت کرده و به روز رسانی نمیشود پشتیبانی ندارد,0
مصرف کننده این محصول بعد از چند سال با کاهش عملکرد شدید و افت کارآیی مواجه میشوند,0
هیچ گرونی بی علت نیست برتری این رو نمیشه نادیده گرفت,1
ماندگاری محصول خیلی مهمه که در این زمینه سابقه درخشانی داره,1
رقبا از این بهتر هستند پس پول کمتر بدید و اون ها رو بخرید که پولتون تلف نشه,0
فقط لاکچری هست اما قدرمند نیست فایده نداره,0
فقط به درد خارج میخوره و اینجا کاربرد نداره همه پر از محدودیت هست,0
تعصب نداشته باشید منطقی باشید انتخاب خوبی نیست,0
کیفیت نمایشگر بالا است اما زیادی بزرگ هست و این که برای این صفحه نمایش این باتری اصلا کافی نیست,0
کیفیت ساخت خوب و به کار بردن طلا بدنه مقاوم,1
سرعت بالا در اجرا و روان بودن سیستم به روز بودن و لاکچری بودن,1
,
,
,
,
,
,
,
,
,
,
,
,
,
,
,
,
,
,
,
,
,
,
,
,
,
,
,
,
,
,
,
,
,
,
,
,
,
,
,
,
,
,
,
,
,
,
,
,
,
,
,
,
,
,
,
,
,
,
,
,
,
,
,
,
,
,
,
,
,
,
,
,
,
,
,
,
,
,
,
,
,
,
,
,
,
,
,
,
,
,
,
,
,
,
,
,
,
,
,
,
,
,
,
,
,
,
,
,
,
,
,
,
,
,
,
,
,
,
,
,
,
,
,
,
,
,
,
,
,
,
,
,
,
,
,
,
,
,
,
,
,
,
,
,
,
,
,
,
,
,
,
,
,
,
,
,
,
,
,
,
,
,
,
,
,
,
,
,
,
,
,
,
,
,
,
,
,
,
,
,
,
,
,
,
,
,
,
,
,
,
,
,
,
,
,
,
,
,
,
,
,
,
,
,
,
,
,
,
,
,
,
,
,
,
,
,
,
,
,
,
,
,
,
,
,
,
,
,
,
,
,
,
,
,
,
,
,
,
,
,
,
,
,
,
,
,
,
,
,
,
,
,
,
,
,
,
,
,
,
,
,
,
,
,
,
,
,
,
,
,
,
,
,
,
,
,
,
,
,
,
,